{"base_lr": 0.0001, "lr": 0.0001, "data_time": 1.7425830364227295, "loss": 1.079506516456604, "time": 4.099478721618652, "epoch": 1, "iter": 1, "memory": 28075, "step": 1}
{"base_lr": 0.020506122448979595, "lr": 0.020506122448979595, "data_time": 0.034600019454956055, "loss": 1.1155973672866821, "time": 2.1301803588867188, "epoch": 1, "iter": 2, "memory": 28086, "step": 2}
{"base_lr": 0.040912244897959194, "lr": 0.040912244897959194, "data_time": 0.06142687797546387, "loss": 1.1468397378921509, "time": 2.155475378036499, "epoch": 1, "iter": 3, "memory": 28086, "step": 3}
{"base_lr": 0.06131836734693879, "lr": 0.06131836734693879, "data_time": 0.03447747230529785, "loss": 1.0569645166397095, "time": 2.1169090270996094, "epoch": 1, "iter": 4, "memory": 28086, "step": 4}
{"base_lr": 0.08172448979591838, "lr": 0.08172448979591838, "data_time": 0.042307376861572266, "loss": 1.0958952903747559, "time": 2.1515214443206787, "epoch": 1, "iter": 5, "memory": 28086, "step": 5}
{"base_lr": 0.10213061224489799, "lr": 0.10213061224489799, "data_time": 0.046953678131103516, "loss": 1.0493634939193726, "time": 2.134471893310547, "epoch": 1, "iter": 6, "memory": 28086, "step": 6}
{"base_lr": 0.12253673469387757, "lr": 0.12253673469387757, "data_time": 0.03427863121032715, "loss": 1.1320215463638306, "time": 2.1336281299591064, "epoch": 1, "iter": 7, "memory": 28086, "step": 7}
{"base_lr": 0.14294285714285715, "lr": 0.14294285714285715, "data_time": 0.033942461013793945, "loss": 1.044922113418579, "time": 2.137937545776367, "epoch": 1, "iter": 8, "memory": 28086, "step": 8}
{"base_lr": 0.16334897959183672, "lr": 0.16334897959183672, "data_time": 0.03452706336975098, "loss": 1.1328465938568115, "time": 2.1211681365966797, "epoch": 1, "iter": 9, "memory": 28086, "step": 9}
{"base_lr": 0.18375510204081633, "lr": 0.18375510204081633, "data_time": 0.03267240524291992, "loss": 1.0782368183135986, "time": 2.1279149055480957, "epoch": 1, "iter": 10, "memory": 28086, "step": 10}
{"base_lr": 0.20416122448979593, "lr": 0.20416122448979593, "data_time": 0.6421046257019043, "loss": 1.0440011024475098, "time": 2.7496774196624756, "epoch": 1, "iter": 11, "memory": 28086, "step": 11}
{"base_lr": 0.22456734693877553, "lr": 0.22456734693877553, "data_time": 0.03040456771850586, "loss": 0.9083722233772278, "time": 2.12307071685791, "epoch": 1, "iter": 12, "memory": 28086, "step": 12}
{"base_lr": 0.24497346938775513, "lr": 0.24497346938775513, "data_time": 0.0357823371887207, "loss": 0.9941674470901489, "time": 2.1444454193115234, "epoch": 1, "iter": 13, "memory": 28086, "step": 13}
{"base_lr": 0.2653795918367347, "lr": 0.2653795918367347, "data_time": 0.03538703918457031, "loss": 0.871189534664154, "time": 2.1253957748413086, "epoch": 1, "iter": 14, "memory": 28086, "step": 14}
{"base_lr": 0.2857857142857143, "lr": 0.2857857142857143, "data_time": 0.03130054473876953, "loss": 0.8768378496170044, "time": 2.1207776069641113, "epoch": 1, "iter": 15, "memory": 28086, "step": 15}
