{"base_lr": 0.0001, "lr": 0.0001, "data_time": 1.8522911071777344, "loss": 8.103456497192383, "time": 4.195245742797852, "epoch": 1, "iter": 1, "memory": 28075, "step": 1}
{"base_lr": 0.020506122448979595, "lr": 0.020506122448979595, "data_time": 0.03947758674621582, "loss": 14.68725299835205, "time": 2.1354305744171143, "epoch": 1, "iter": 2, "memory": 28086, "step": 2}
{"base_lr": 0.040912244897959194, "lr": 0.040912244897959194, "data_time": 0.03432488441467285, "loss": 9.86716079711914, "time": 2.132322072982788, "epoch": 1, "iter": 3, "memory": 28086, "step": 3}
{"base_lr": 0.06131836734693879, "lr": 0.06131836734693879, "data_time": 0.028892993927001953, "loss": 14.94854736328125, "time": 2.110060453414917, "epoch": 1, "iter": 4, "memory": 28086, "step": 4}
{"base_lr": 0.08172448979591838, "lr": 0.08172448979591838, "data_time": 0.03343605995178223, "loss": 9.842105865478516, "time": 2.1273305416107178, "epoch": 1, "iter": 5, "memory": 28086, "step": 5}
{"base_lr": 0.10213061224489799, "lr": 0.10213061224489799, "data_time": 0.0472872257232666, "loss": 13.392782211303711, "time": 2.155734062194824, "epoch": 1, "iter": 6, "memory": 28086, "step": 6}
{"base_lr": 0.12253673469387757, "lr": 0.12253673469387757, "data_time": 0.035257816314697266, "loss": 11.564155578613281, "time": 2.125917673110962, "epoch": 1, "iter": 7, "memory": 28086, "step": 7}
{"base_lr": 0.14294285714285715, "lr": 0.14294285714285715, "data_time": 0.038786888122558594, "loss": 11.184797286987305, "time": 2.1365928649902344, "epoch": 1, "iter": 8, "memory": 28086, "step": 8}
{"base_lr": 0.16334897959183672, "lr": 0.16334897959183672, "data_time": 0.033608436584472656, "loss": 6.718284606933594, "time": 2.1450114250183105, "epoch": 1, "iter": 9, "memory": 28086, "step": 9}
{"base_lr": 0.18375510204081633, "lr": 0.18375510204081633, "data_time": 0.03502035140991211, "loss": 8.634668350219727, "time": 2.119128704071045, "epoch": 1, "iter": 10, "memory": 28086, "step": 10}
{"base_lr": 0.20416122448979593, "lr": 0.20416122448979593, "data_time": 0.6739420890808105, "loss": 15.546833038330078, "time": 2.7773799896240234, "epoch": 1, "iter": 11, "memory": 28086, "step": 11}
{"base_lr": 0.22456734693877553, "lr": 0.22456734693877553, "data_time": 0.035195350646972656, "loss": 6.28040075302124, "time": 2.1236371994018555, "epoch": 1, "iter": 12, "memory": 28086, "step": 12}
{"base_lr": 0.24497346938775513, "lr": 0.24497346938775513, "data_time": 0.02971816062927246, "loss": 12.888142585754395, "time": 2.135786294937134, "epoch": 1, "iter": 13, "memory": 28086, "step": 13}
{"base_lr": 0.2653795918367347, "lr": 0.2653795918367347, "data_time": 0.03457999229431152, "loss": 12.487683296203613, "time": 2.1141932010650635, "epoch": 1, "iter": 14, "memory": 28086, "step": 14}
{"base_lr": 0.2857857142857143, "lr": 0.2857857142857143, "data_time": 0.028333187103271484, "loss": 10.75522232055664, "time": 2.1038520336151123, "epoch": 1, "iter": 15, "memory": 28086, "step": 15}
{"base_lr": 0.30619183673469386, "lr": 0.30619183673469386, "data_time": 0.029240131378173828, "loss": 9.815014839172363, "time": 2.1303365230560303, "epoch": 1, "iter": 16, "memory": 28086, "step": 16}
{"base_lr": 0.3265979591836734, "lr": 0.3265979591836734, "data_time": 0.07475900650024414, "loss": 11.721010208129883, "time": 2.156949520111084, "epoch": 1, "iter": 17, "memory": 28086, "step": 17}
{"base_lr": 0.34700408163265295, "lr": 0.34700408163265295, "data_time": 0.0971994400024414, "loss": 10.665562629699707, "time": 2.18789005279541, "epoch": 1, "iter": 18, "memory": 28086, "step": 18}
{"base_lr": 0.3674102040816325, "lr": 0.3674102040816325, "data_time": 0.03509664535522461, "loss": 14.3231782913208, "time": 2.1327552795410156, "epoch": 1, "iter": 19, "memory": 28086, "step": 19}
{"base_lr": 0.3878163265306121, "lr": 0.3878163265306121, "data_time": 0.02888965606689453, "loss": 8.991785049438477, "time": 2.112483024597168, "epoch": 1, "iter": 20, "memory": 28086, "step": 20}
{"base_lr": 0.4082224489795917, "lr": 0.4082224489795917, "data_time": 0.6382966041564941, "loss": 11.97209358215332, "time": 2.7312521934509277, "epoch": 1, "iter": 21, "memory": 28086, "step": 21}
{"base_lr": 0.4286285714285713, "lr": 0.4286285714285713, "data_time": 0.044693708419799805, "loss": 6.985555171966553, "time": 2.1449201107025146, "epoch": 1, "iter": 22, "memory": 28086, "step": 22}
{"base_lr": 0.4490346938775509, "lr": 0.4490346938775509, "data_time": 0.02822113037109375, "loss": 10.61613655090332, "time": 2.1258344650268555, "epoch": 1, "iter": 23, "memory": 28086, "step": 23}
{"base_lr": 0.4694408163265305, "lr": 0.4694408163265305, "data_time": 0.0294036865234375, "loss": 8.797855377197266, "time": 2.118335247039795, "epoch": 1, "iter": 24, "memory": 28086, "step": 24}
{"base_lr": 0.4898469387755101, "lr": 0.4898469387755101, "data_time": 0.03448605537414551, "loss": 8.75712776184082, "time": 2.127293348312378, "epoch": 1, "iter": 25, "memory": 28086, "step": 25}
{"base_lr": 0.5102530612244897, "lr": 0.5102530612244897, "data_time": 0.039981842041015625, "loss": 9.476049423217773, "time": 2.131619453430176, "epoch": 1, "iter": 26, "memory": 28086, "step": 26}
{"base_lr": 0.5306591836734692, "lr": 0.5306591836734692, "data_time": 0.034429073333740234, "loss": 9.679682731628418, "time": 2.1357688903808594, "epoch": 1, "iter": 27, "memory": 28086, "step": 27}
{"base_lr": 0.5510653061224488, "lr": 0.5510653061224488, "data_time": 0.0336613655090332, "loss": 11.371893882751465, "time": 2.155778408050537, "epoch": 1, "iter": 28, "memory": 28086, "step": 28}
{"base_lr": 0.5714714285714284, "lr": 0.5714714285714284, "data_time": 0.030686378479003906, "loss": 11.207527160644531, "time": 2.132229804992676, "epoch": 1, "iter": 29, "memory": 28086, "step": 29}
{"base_lr": 0.5918775510204081, "lr": 0.5918775510204081, "data_time": 0.03321504592895508, "loss": 11.419010162353516, "time": 2.125988483428955, "epoch": 1, "iter": 30, "memory": 28086, "step": 30}
{"base_lr": 0.6122836734693877, "lr": 0.6122836734693877, "data_time": 0.5442013740539551, "loss": 14.596549034118652, "time": 2.652953863143921, "epoch": 1, "iter": 31, "memory": 28086, "step": 31}
{"base_lr": 0.6326897959183674, "lr": 0.6326897959183674, "data_time": 0.03419756889343262, "loss": 8.290629386901855, "time": 2.1480870246887207, "epoch": 1, "iter": 32, "memory": 28086, "step": 32}
{"base_lr": 0.6530959183673469, "lr": 0.6530959183673469, "data_time": 0.06592845916748047, "loss": 5.542670249938965, "time": 2.1394596099853516, "epoch": 1, "iter": 33, "memory": 28086, "step": 33}
{"base_lr": 0.6735020408163265, "lr": 0.6735020408163265, "data_time": 0.19731903076171875, "loss": 13.735699653625488, "time": 2.3015410900115967, "epoch": 1, "iter": 34, "memory": 28086, "step": 34}
{"base_lr": 0.693908163265306, "lr": 0.693908163265306, "data_time": 0.03482842445373535, "loss": 11.44548511505127, "time": 2.1313140392303467, "epoch": 1, "iter": 35, "memory": 28086, "step": 35}
{"base_lr": 0.7143142857142856, "lr": 0.7143142857142856, "data_time": 0.030179977416992188, "loss": 14.147299766540527, "time": 2.1274936199188232, "epoch": 1, "iter": 36, "memory": 28086, "step": 36}
{"base_lr": 0.7347204081632651, "lr": 0.7347204081632651, "data_time": 0.04179644584655762, "loss": 7.166487216949463, "time": 2.123312473297119, "epoch": 1, "iter": 37, "memory": 28086, "step": 37}
{"base_lr": 0.7551265306122447, "lr": 0.7551265306122447, "data_time": 0.04346203804016113, "loss": 10.50744342803955, "time": 2.1507558822631836, "epoch": 1, "iter": 38, "memory": 28086, "step": 38}
{"base_lr": 0.7755326530612242, "lr": 0.7755326530612242, "data_time": 0.0436556339263916, "loss": 11.001683235168457, "time": 2.1407716274261475, "epoch": 1, "iter": 39, "memory": 28086, "step": 39}
{"base_lr": 0.7959387755102039, "lr": 0.7959387755102039, "data_time": 0.03064870834350586, "loss": 13.41491985321045, "time": 2.133629560470581, "epoch": 1, "iter": 40, "memory": 28086,